tenure,MonthlyCharges,TotalCharges,Contract,InternetService,churn_probability,predicted_churn
72,114.05,8468.2,Two year,Fiber optic,0.39407003,0
8,100.15,908.55,Month-to-month,Fiber optic,0.60501415,1
41,78.35,3211.2,One year,DSL,0.39161873,0
18,78.2,1468.75,Month-to-month,Fiber optic,0.5404608,1
72,82.65,5919.35,Two year,DSL,0.35485414,0
21,99.85,1992.55,Month-to-month,Fiber optic,0.58413374,1
21,99.15,1956.4,Month-to-month,Fiber optic,0.5663411,1
19,24.1,439.2,Month-to-month,No,0.41924343,0
61,19.75,1311.6,Two year,No,0.30951974,0
17,45.05,770.6,Month-to-month,DSL,0.63107044,1
70,106.05,7554.05,Month-to-month,Fiber optic,0.5651885,1
72,114.85,8317.95,Two year,Fiber optic,0.40468842,0
49,30.2,1453.1,Month-to-month,DSL,0.5313872,1
11,84.8,906.85,Month-to-month,Fiber optic,0.6074352,1
19,48.8,953.65,Month-to-month,DSL,0.5309493,1
72,84.5,6130.85,Two year,Fiber optic,0.49536324,0
8,19.5,159.35,Two year,No,0.35485357,0
15,91.0,1430.05,Month-to-month,Fiber optic,0.6317896,1
67,105.7,6816.95,One year,Fiber optic,0.45290557,0
26,35.4,978.6,One year,DSL,0.36235228,0
2,74.85,156.4,Month-to-month,Fiber optic,0.6364499,1
21,28.5,629.35,Month-to-month,DSL,0.489222,0
49,20.05,923.1,One year,No,0.36854294,0
21,19.8,350.1,One year,No,0.3411959,0
51,69.15,3649.6,Month-to-month,Fiber optic,0.5637925,1
16,54.55,825.1,Month-to-month,DSL,0.54470843,1
22,89.25,1907.85,Month-to-month,Fiber optic,0.60215664,1
13,102.25,1359,Month-to-month,Fiber optic,0.5744066,1
43,25.1,1070.15,Two year,No,0.3806097,0
3,89.45,240.45,Month-to-month,Fiber optic,0.6396757,1
54,90.05,4931.8,Month-to-month,Fiber optic,0.6049803,1
1,24.2,24.2,Month-to-month,DSL,0.5440011,1
69,20.55,1403.1,One year,No,0.34626153,0
62,23.4,1429.65,Two year,No,0.35495597,0
2,90.4,168.2,Month-to-month,Fiber optic,0.64010346,1
62,96.1,6019.35,Month-to-month,Fiber optic,0.49379587,0
2,44.95,85.15,Month-to-month,DSL,0.58741575,1
69,19.9,1356.7,Two year,No,0.34362963,0
1,74.5,74.5,Month-to-month,Fiber optic,0.65823877,1
31,55.25,1715.65,Month-to-month,DSL,0.54214823,1
69,20.3,1356.3,Two year,No,0.34105,0
2,91.45,171.45,Month-to-month,Fiber optic,0.61945957,1
33,70.4,2406.1,Month-to-month,Fiber optic,0.6069234,1
3,19.6,55.25,Month-to-month,No,0.41059673,0
44,65.4,2774.55,One year,DSL,0.4501265,0
10,110.1,1043.3,Month-to-month,Fiber optic,0.53919923,1
8,75.25,576.7,Month-to-month,Fiber optic,0.65515196,1
8,66.65,520.95,Month-to-month,DSL,0.582608,1
69,20.35,1442.65,One year,No,0.33593702,0
23,75.6,1758.6,Month-to-month,Fiber optic,0.58485687,1
66,25.1,1697.7,Two year,No,0.34450027,0
1,102.45,102.45,Month-to-month,Fiber optic,0.55616397,1
3,19.95,58,Month-to-month,No,0.4039089,0
5,51.0,286.8,Month-to-month,DSL,0.57193565,1
1,51.2,51.2,Month-to-month,DSL,0.52017725,1
9,77.65,714.15,Month-to-month,Fiber optic,0.6250781,1
36,63.7,2188.5,One year,DSL,0.37503776,0
68,85.5,5696.6,One year,Fiber optic,0.48024794,0
35,40.9,1383.6,One year,DSL,0.42831388,0
60,20.55,1205.05,Two year,No,0.32787043,0
72,74.55,5430.65,Two year,DSL,0.39580756,0
45,20.4,930.45,One year,No,0.389008,0
37,91.2,3247.55,One year,Fiber optic,0.50273764,1
7,50.7,350.35,Month-to-month,DSL,0.49640313,0
4,50.7,151.3,Month-to-month,DSL,0.53843987,1
1,54.9,54.9,Month-to-month,DSL,0.5736135,1
4,60.4,272.15,Month-to-month,DSL,0.5277237,1
18,49.55,878.35,Month-to-month,DSL,0.5521701,1
12,74.05,872.65,One year,DSL,0.45609367,0
1,80.05,80.05,Month-to-month,Fiber optic,0.625898,1
72,25.0,1738.9,Two year,No,0.343493,0
42,20.25,835.5,Two year,No,0.3516007,0
24,76.1,1712.7,Month-to-month,Fiber optic,0.6563512,1
26,78.95,2034.25,One year,Fiber optic,0.4965123,0
68,73.0,5163,One year,DSL,0.37788087,0
17,19.9,323.15,One year,No,0.36713395,0
59,111.1,6555.2,Two year,Fiber optic,0.4482915,0
13,74.4,896.75,Month-to-month,Fiber optic,0.5989498,1
2,20.45,42.45,Month-to-month,No,0.42174578,0
67,19.65,1335.2,Two year,No,0.32216385,0
17,20.05,337.9,One year,No,0.34486008,0
71,80.1,5585.4,Two year,DSL,0.3468251,0
17,98.6,1704.95,One year,Fiber optic,0.43592086,0
1,89.55,89.55,Month-to-month,Fiber optic,0.6496826,1
6,19.7,94.45,One year,No,0.33698738,0
61,114.1,7132.15,Month-to-month,Fiber optic,0.5120907,1
6,73.85,401.3,Month-to-month,Fiber optic,0.62772715,1
1,25.05,25.05,Month-to-month,DSL,0.5585726,1
21,102.8,2110.15,Month-to-month,Fiber optic,0.5246586,1
60,110.8,6640.7,Two year,Fiber optic,0.40259865,0
20,85.8,1727.5,Month-to-month,Fiber optic,0.6040635,1
22,95.9,2234.95,Month-to-month,Fiber optic,0.54561967,1
40,20.6,827.3,Two year,No,0.37126678,0
23,74.95,1710.45,Month-to-month,Fiber optic,0.64711,1
1,45.95,45.95,Month-to-month,DSL,0.5659716,1
46,38.25,1755.35,Two year,DSL,0.36636332,0
5,69.95,320.4,Month-to-month,Fiber optic,0.56891644,1
68,20.0,1396,Two year,No,0.35366043,0
1,25.2,25.2,Month-to-month,DSL,0.6099358,1
2,20.1,43.15,Month-to-month,No,0.39910448,0
14,104.85,1531.4,Month-to-month,Fiber optic,0.5926826,1
10,70.0,740,Month-to-month,Fiber optic,0.65206593,1
13,78.3,1033.95,Month-to-month,Fiber optic,0.6219162,1
34,109.8,3587.25,Month-to-month,Fiber optic,0.5312443,1
18,57.45,990.85,Month-to-month,DSL,0.50112104,1
71,19.7,1301.1,Two year,No,0.31835046,0
70,110.5,7752.05,Two year,Fiber optic,0.43432954,0
52,64.3,3410.6,One year,DSL,0.41888443,0
68,105.25,7173.15,Two year,Fiber optic,0.40604076,0
38,19.6,717.3,Month-to-month,No,0.402148,0
58,24.5,1497.9,One year,No,0.34086528,0
3,90.7,237.65,Month-to-month,Fiber optic,0.60365707,1
14,48.8,664.4,Month-to-month,DSL,0.5123648,1
2,24.9,49.7,Month-to-month,DSL,0.5777892,1
1,24.8,24.8,Month-to-month,DSL,0.579853,1
72,107.4,7748.75,Two year,Fiber optic,0.4054935,0
3,43.3,123.65,Month-to-month,DSL,0.62608993,1
13,80.0,1029.35,Month-to-month,Fiber optic,0.5954122,1
72,104.1,7447.7,Two year,Fiber optic,0.42133686,0
58,20.75,1185.95,Two year,No,0.3335387,0
71,95.5,6707.15,Two year,Fiber optic,0.39845765,0
1,76.35,76.35,Month-to-month,Fiber optic,0.5979354,1
54,91.3,4965,Two year,DSL,0.32164153,0
39,45.05,1790.6,One year,DSL,0.430776,0
1,70.6,70.6,Month-to-month,Fiber optic,0.6564911,1
61,80.8,4860.85,Two year,DSL,0.34936836,0
25,89.15,2257.75,Month-to-month,Fiber optic,0.53272545,1
37,91.2,3382.3,Month-to-month,Fiber optic,0.49574557,0
26,91.25,2351.8,Month-to-month,Fiber optic,0.64682764,1
10,19.75,208.25,Month-to-month,No,0.40878475,0
1,20.4,20.4,Month-to-month,No,0.40463206,0
24,40.65,933.3,Month-to-month,DSL,0.49967697,0
65,110.35,7246.15,Two year,Fiber optic,0.4817451,0
23,64.9,1509.8,One year,DSL,0.53776354,1
49,66.15,3199,Two year,DSL,0.49950424,0
42,55.65,2421.75,Month-to-month,DSL,0.5369076,1
8,20.85,161.65,Two year,No,0.35376024,0
28,54.65,1517.5,Month-to-month,DSL,0.5018112,1
71,80.6,5708.2,Two year,DSL,0.33411202,0
69,99.45,7007.6,Month-to-month,Fiber optic,0.53912985,1
68,114.7,7849.85,Two year,Fiber optic,0.39618945,0
64,105.4,6794.75,Two year,Fiber optic,0.45923793,0
3,75.05,202.9,Month-to-month,Fiber optic,0.5839182,1
66,49.4,3251.85,One year,DSL,0.44665188,0
28,18.25,534.7,One year,No,0.35176572,0
67,111.05,7321.05,Two year,Fiber optic,0.42675072,0
46,19.6,851.2,Month-to-month,No,0.39886796,0
55,96.75,5238.9,Month-to-month,Fiber optic,0.5980767,1
22,69.7,1490.4,Month-to-month,Fiber optic,0.62772536,1
18,87.9,1500.5,Month-to-month,Fiber optic,0.5679415,1
46,40.4,1842.7,Two year,DSL,0.3359158,0
10,78.15,765.15,Month-to-month,Fiber optic,0.58156437,1
72,99.4,7285.7,Two year,Fiber optic,0.5228739,1
16,55.3,875.35,Month-to-month,DSL,0.5661793,1
3,77.0,237.75,Month-to-month,Fiber optic,0.6655748,1
21,26.05,565.75,Month-to-month,DSL,0.5780706,1
5,78.75,426.35,Month-to-month,Fiber optic,0.5889035,1
1,29.95,29.95,Month-to-month,DSL,0.5385823,1
1,45.4,45.4,Month-to-month,DSL,0.6092454,1
36,85.25,3132.75,Month-to-month,Fiber optic,0.5926393,1
64,104.05,6605.55,Two year,Fiber optic,0.44008565,0
30,74.85,2181.75,Two year,DSL,0.46508014,0
72,19.55,1463.45,Two year,No,0.3321022,0
46,20.1,936.85,Two year,No,0.35573453,0
45,95.2,4285.8,Two year,Fiber optic,0.49163744,0
2,20.65,38.7,Month-to-month,No,0.40425417,0
34,55.0,1885.15,One year,DSL,0.42376885,0
54,106.55,5763.3,One year,Fiber optic,0.44784185,0
21,19.95,416.4,Month-to-month,No,0.4202301,0
65,76.15,4929.55,Two year,DSL,0.33377543,0
20,69.8,1540.35,Month-to-month,Fiber optic,0.5969898,1
1,79.5,79.5,Month-to-month,Fiber optic,0.66152203,1
42,69.4,3058.3,Month-to-month,DSL,0.53777325,1
1,19.4,19.4,Month-to-month,No,0.41263923,0
20,96.55,1901.65,Month-to-month,Fiber optic,0.57674843,1
11,70.2,760.05,Month-to-month,Fiber optic,0.62581676,1
61,25.3,1554.9,Two year,No,0.33692825,0
64,25.0,1584.8,Two year,No,0.32187647,0
25,88.4,2191.15,Month-to-month,Fiber optic,0.5116419,1
44,50.15,2139.1,Month-to-month,DSL,0.5744904,1
5,69.95,330.15,Month-to-month,Fiber optic,0.60817283,1
48,29.9,1388.75,One year,DSL,0.45699462,0
6,74.9,469.8,Month-to-month,Fiber optic,0.6544076,1
4,50.05,179.35,Month-to-month,DSL,0.5247624,1
72,19.95,1322.85,Two year,No,0.3423419,0
54,89.4,4869.5,Month-to-month,Fiber optic,0.53177744,1
66,67.45,4508.65,Month-to-month,DSL,0.44907722,0
3,49.9,130.1,Month-to-month,DSL,0.5863289,1
19,65.35,1231.85,One year,DSL,0.46549737,0
61,81.0,4976.15,Two year,DSL,0.41183007,0
54,89.8,4667,Month-to-month,Fiber optic,0.53946567,1
1,49.95,49.95,Month-to-month,DSL,0.57660806,1
19,79.85,1471.75,Month-to-month,Fiber optic,0.6270796,1
24,19.75,483.15,Two year,No,0.34287432,0
33,105.35,3465.05,Month-to-month,Fiber optic,0.5499136,1
31,83.85,2674.15,Month-to-month,Fiber optic,0.5475977,1
59,44.3,2666.75,Month-to-month,DSL,0.55817175,1
20,91.0,1859.5,One year,Fiber optic,0.5634109,1
60,99.0,6017.9,Month-to-month,Fiber optic,0.6002601,1
18,80.55,1406.65,Month-to-month,Fiber optic,0.5878925,1
19,60.6,1297.8,Month-to-month,DSL,0.5160239,1
24,19.7,452.55,Two year,No,0.33009842,0
9,20.25,172.35,One year,No,0.336019,0
33,24.25,838.5,Month-to-month,No,0.38453662,0
2,19.4,61.05,Month-to-month,No,0.40430042,0
67,93.15,6368.2,Two year,Fiber optic,0.4527926,0
52,49.75,2535.55,Month-to-month,DSL,0.53256506,1
5,19.65,92.05,Month-to-month,No,0.41744968,0
1,19.4,19.4,Month-to-month,No,0.40954453,0
67,19.8,1311.3,Two year,No,0.358196,0
63,99.9,6137,One year,Fiber optic,0.49008885,0
2,49.95,107.1,Month-to-month,DSL,0.5554185,1
25,89.05,2177.45,One year,Fiber optic,0.5400604,1
19,19.95,373.5,Two year,No,0.37223214,0
62,56.15,3487.95,One year,DSL,0.4092696,0
23,34.65,768.45,Month-to-month,DSL,0.5733048,1
70,64.95,4523.25,Two year,DSL,0.31904408,0
29,94.2,2607.6,Month-to-month,Fiber optic,0.6195515,1
32,78.9,2447.95,Month-to-month,Fiber optic,0.5970101,1
31,65.25,1994.3,Month-to-month,DSL,0.43749437,0
59,95.8,5655.45,Two year,Fiber optic,0.47468272,0
32,64.85,2010.95,One year,DSL,0.5324798,1
17,49.8,836.35,Month-to-month,DSL,0.5564984,1
26,20.9,518.3,Month-to-month,No,0.4031022,0
12,94.55,1173.55,Month-to-month,Fiber optic,0.6234142,1
61,98.45,6145.2,One year,Fiber optic,0.47831178,0
71,19.6,1416.5,Two year,No,0.32111347,0
9,20.45,147.55,Month-to-month,No,0.41571668,0
24,104.25,2433.9,Month-to-month,Fiber optic,0.58908695,1
7,89.15,574.35,Month-to-month,Fiber optic,0.65341204,1
41,111.15,4507.15,Two year,Fiber optic,0.4512713,0
20,90.2,1776.55,Month-to-month,Fiber optic,0.62522894,1
33,91.25,2964.05,Month-to-month,Fiber optic,0.5972415,1
56,81.8,4534.45,Two year,DSL,0.39606875,0
1,74.5,74.5,Month-to-month,Fiber optic,0.6408216,1
4,76.05,318.9,Month-to-month,Fiber optic,0.6552952,1
54,111.1,6014.85,Month-to-month,Fiber optic,0.5100815,1
8,68.55,564.35,Month-to-month,DSL,0.567879,1
58,45.0,2689.35,One year,DSL,0.48331982,0
34,100.85,3527.3,Month-to-month,Fiber optic,0.55463415,1
2,30.4,78.65,Month-to-month,DSL,0.57612395,1
25,95.9,2448.75,Month-to-month,Fiber optic,0.6090395,1
68,89.95,5974.3,Two year,Fiber optic,0.47909743,0
71,105.15,7555,Two year,Fiber optic,0.43290347,0
1,59.2,59.2,Month-to-month,DSL,0.51892847,1
13,98.15,1230.25,Month-to-month,Fiber optic,0.56719035,1
5,84.5,453.75,Month-to-month,Fiber optic,0.57868063,1
22,20.85,450.65,One year,No,0.36542636,0
10,26.1,225.55,Two year,No,0.33159232,0
55,74.0,4052.4,Month-to-month,Fiber optic,0.62986654,1
27,20.55,583.3,One year,No,0.35624132,0
10,18.85,163.2,Month-to-month,No,0.40145817,0
23,20.85,473.9,Month-to-month,No,0.41908222,0
70,84.1,5979.7,Two year,DSL,0.40882993,0
5,46.0,221.7,Month-to-month,DSL,0.563561,1
24,19.55,470.2,Two year,No,0.37743723,0
8,20.2,140.95,One year,No,0.39305758,0
19,88.8,1672.35,Month-to-month,Fiber optic,0.53789574,1
43,100.55,4304,One year,Fiber optic,0.49230874,0
67,101.4,6841.05,Month-to-month,Fiber optic,0.5720356,1
4,55.3,238.5,Month-to-month,DSL,0.5842427,1
59,113.75,6561.25,Two year,Fiber optic,0.40369627,0
72,25.4,1710.9,Two year,No,0.33167186,0
19,20.0,377.55,Month-to-month,No,0.43942785,0
1,73.5,73.5,Month-to-month,Fiber optic,0.5777464,1
30,51.2,1561.5,Month-to-month,DSL,0.47095448,0
2,74.4,139.4,Month-to-month,Fiber optic,0.6132721,1
60,65.85,3928.3,One year,DSL,0.373772,0
44,111.5,4915.15,Month-to-month,Fiber optic,0.5515338,1
1,48.6,48.6,Month-to-month,DSL,0.6082866,1
3,29.9,92.25,Month-to-month,DSL,0.5598666,1
71,24.85,1901,Two year,No,0.3490293,0
2,49.2,103.7,Month-to-month,DSL,0.55117184,1
1,25.85,25.85,One year,DSL,0.47941953,0
72,115.5,8425.15,Two year,Fiber optic,0.4160502,0
6,85.95,514.6,Month-to-month,Fiber optic,0.5819889,1
1,85.55,85.55,Month-to-month,Fiber optic,0.60124946,1
20,89.95,1648.45,Month-to-month,Fiber optic,0.6320502,1
1,88.35,88.35,Month-to-month,Fiber optic,0.6496826,1
12,20.05,265.45,Month-to-month,No,0.408051,0
9,24.95,190.25,Month-to-month,DSL,0.5961414,1
12,20.1,223.6,Month-to-month,No,0.4008086,0
1,49.9,49.9,Month-to-month,DSL,0.6011892,1
17,19.65,351.55,One year,No,0.3924392,0
12,79.55,958.25,Month-to-month,Fiber optic,0.5984158,1
12,106.7,1253.9,Month-to-month,Fiber optic,0.5864728,1
15,55.7,899.8,Month-to-month,DSL,0.55946666,1
71,99.0,6994.6,Two year,Fiber optic,0.46981153,0
30,85.0,2624.25,Month-to-month,Fiber optic,0.6071983,1
33,20.15,682.15,One year,No,0.36792302,0
1,19.9,19.9,Month-to-month,No,0.40464902,0
62,70.45,4300.45,Month-to-month,DSL,0.5213451,1
72,116.8,8456.75,Two year,Fiber optic,0.3777693,0
30,66.3,1923.5,Month-to-month,DSL,0.4486211,0
3,20.55,57.4,One year,No,0.36543626,0
28,90.45,2509.25,One year,Fiber optic,0.51692426,1
30,94.3,2679.7,Month-to-month,Fiber optic,0.5558667,1
12,19.0,233.55,Month-to-month,No,0.38305244,0
51,24.6,1266.4,One year,No,0.38017967,0
15,45.9,693.45,One year,DSL,0.37168846,0
72,25.1,1790.8,Two year,No,0.3393691,0
32,108.15,3432.9,Month-to-month,Fiber optic,0.5511494,1
6,74.1,450.9,Month-to-month,Fiber optic,0.6352442,1
63,70.8,4448.8,One year,DSL,0.39306465,0
11,95.15,997.65,Month-to-month,Fiber optic,0.62490886,1
19,61.55,1093.2,Month-to-month,DSL,0.5745801,1
64,73.05,4688.65,One year,DSL,0.3912332,0
7,69.45,477.05,One year,DSL,0.40538886,0
4,20.05,91.45,Month-to-month,No,0.40951157,0
7,19.95,147.5,Month-to-month,No,0.42527738,0
4,90.4,356.65,Month-to-month,Fiber optic,0.5856729,1
3,74.55,233.65,Month-to-month,Fiber optic,0.6253235,1
65,53.5,3517.9,Two year,DSL,0.42107233,0
42,63.7,2763.35,One year,DSL,0.36518574,0
26,75.0,1908.35,One year,DSL,0.42564327,0
48,25.05,1171.5,One year,No,0.340137,0
69,99.35,6856.45,Two year,Fiber optic,0.52151716,1
17,44.45,792.15,One year,DSL,0.39417687,0
1,21.0,21,Month-to-month,No,0.433871,0
4,76.65,333.6,Month-to-month,Fiber optic,0.5910111,1
34,96.35,3190.25,Month-to-month,Fiber optic,0.6133673,1
2,70.35,139.25,Month-to-month,Fiber optic,0.62976253,1
1,50.45,50.45,Month-to-month,DSL,0.51412827,1
12,20.3,246.7,Month-to-month,No,0.40081787,0
38,69.5,2625.25,Month-to-month,Fiber optic,0.6125423,1
31,80.55,2471.6,Two year,DSL,0.41352648,0
67,108.75,7156.2,Two year,Fiber optic,0.39987737,0
22,88.75,1885.15,Month-to-month,Fiber optic,0.60487616,1
63,81.2,4965.1,One year,Fiber optic,0.4828779,0
70,79.6,5589.45,Two year,DSL,0.3621587,0
1,20.45,20.45,Month-to-month,No,0.41264758,0
49,100.45,4941.8,One year,Fiber optic,0.4745044,0
71,89.45,6435.25,Two year,Fiber optic,0.39106354,0
23,66.25,1533.8,One year,DSL,0.38426152,0
72,90.8,6397.6,Two year,DSL,0.35122675,0
72,71.45,5025.85,Two year,DSL,0.40178964,0
2,69.75,144.55,Month-to-month,Fiber optic,0.5939559,1
42,59.65,2536.55,Month-to-month,DSL,0.4516667,0
47,19.75,948.9,Two year,No,0.3212333,0
29,19.85,535.05,One year,No,0.3470317,0
72,63.8,4684.3,Two year,DSL,0.3449021,0
1,69.55,69.55,Month-to-month,Fiber optic,0.6561231,1
40,51.1,2092.9,Month-to-month,DSL,0.583442,1
1,62.05,62.05,Month-to-month,DSL,0.50202566,1
1,85.0,85,Month-to-month,Fiber optic,0.6201439,1
70,98.3,6859.5,Two year,Fiber optic,0.45952561,0
49,19.9,1022.6,Two year,No,0.35684168,0
17,76.65,1313.55,Month-to-month,Fiber optic,0.6226602,1
33,66.4,2245.4,Month-to-month,DSL,0.526128,1
17,100.45,1622.45,Month-to-month,Fiber optic,0.58506554,1
21,75.9,1549.75,One year,DSL,0.48402432,0
35,85.95,3110.1,One year,DSL,0.3951035,0
12,60.65,743.3,One year,DSL,0.4100976,0
9,50.85,466.6,Month-to-month,DSL,0.5308549,1
72,24.45,1709.1,Two year,No,0.33119446,0
18,59.1,1011.05,Month-to-month,DSL,0.5307394,1
58,109.1,6393.65,Two year,Fiber optic,0.43575853,0
30,101.3,2974.5,Month-to-month,Fiber optic,0.6228753,1
56,115.85,6567.9,Two year,Fiber optic,0.3787213,0
10,94.9,1048.85,Month-to-month,Fiber optic,0.61716413,1
2,35.1,68.75,Month-to-month,DSL,0.55589825,1
18,24.65,471.35,Two year,No,0.34585562,0
51,56.15,2898.95,One year,DSL,0.40791807,0
60,109.45,6572.85,Month-to-month,Fiber optic,0.5015305,1
24,55.15,1319.85,Month-to-month,DSL,0.49526036,0
70,115.65,7968.85,One year,Fiber optic,0.3810537,0
12,53.75,648.65,Month-to-month,DSL,0.5470229,1
25,61.6,1611,One year,DSL,0.41130817,0
36,20.35,695.85,One year,No,0.37056664,0
11,90.6,1020.2,Month-to-month,Fiber optic,0.5950901,1
7,89.75,608.8,Month-to-month,Fiber optic,0.6024877,1
26,98.1,2510.7,Month-to-month,Fiber optic,0.575133,1
41,74.25,3089.1,Month-to-month,Fiber optic,0.6212741,1
57,55.0,3094.05,Month-to-month,DSL,0.52121496,1
28,90.1,2598.95,One year,Fiber optic,0.5445911,1
10,64.9,685.55,One year,DSL,0.4263453,0
41,56.3,2364,One year,DSL,0.48597956,0
22,89.05,1886.25,Month-to-month,Fiber optic,0.5851386,1
57,112.95,6465,Two year,Fiber optic,0.4296069,0
13,19.45,270.2,One year,No,0.36226663,0
61,100.7,6018.65,One year,Fiber optic,0.38414297,0
1,20.05,20.05,Month-to-month,No,0.38617042,0
18,19.35,309.25,Two year,No,0.3324113,0
6,87.95,522.35,Month-to-month,Fiber optic,0.5931782,1
7,59.5,415.95,Month-to-month,DSL,0.5859042,1
9,55.3,501.2,Month-to-month,DSL,0.5531966,1
1,49.25,49.25,Month-to-month,DSL,0.56726325,1
9,80.8,713.1,Month-to-month,Fiber optic,0.63752115,1
49,20.45,900.9,One year,No,0.35220763,0
15,99.1,1426.4,Month-to-month,Fiber optic,0.56126076,1
30,19.55,608.5,One year,No,0.34994936,0
70,75.65,5411.4,Two year,Fiber optic,0.5078327,1
25,105.5,2686.05,Month-to-month,Fiber optic,0.55586195,1
49,35.8,1782,One year,DSL,0.3990208,0
18,25.15,476.8,Month-to-month,DSL,0.5426393,1
25,19.2,532.1,Month-to-month,No,0.408395,0
23,40.1,857.75,Two year,DSL,0.36972106,0
67,103.15,6895.5,Two year,Fiber optic,0.38829038,0
35,20.5,759.35,Two year,No,0.35565725,0
1,45.85,45.85,Month-to-month,DSL,0.6134761,1
72,114.45,8375.05,Two year,Fiber optic,0.37429926,0
1,20.7,20.7,Month-to-month,No,0.42150107,0
60,80.95,4859.1,Month-to-month,Fiber optic,0.6054351,1
7,59.1,369.25,One year,DSL,0.4788204,0
64,19.55,1240.15,Two year,No,0.34113312,0
15,48.85,736.8,Month-to-month,DSL,0.5696283,1
2,19.85,35.9,One year,No,0.34741467,0
13,78.75,995.35,Month-to-month,DSL,0.5202715,1
26,98.35,2515.3,Month-to-month,Fiber optic,0.6045145,1
52,35.45,1958.95,One year,DSL,0.36351377,0
1,20.2,20.2,Month-to-month,No,0.43742684,0
15,89.85,1424.95,Month-to-month,Fiber optic,0.58948386,1
2,74.9,147.15,Month-to-month,Fiber optic,0.5988524,1
31,91.15,2995.45,Month-to-month,Fiber optic,0.5729546,1
26,75.5,2018.1,One year,Fiber optic,0.51208717,1
10,29.75,301.9,Month-to-month,DSL,0.5078284,1
1,20.05,20.05,Month-to-month,No,0.4126444,0
2,79.6,195.05,Month-to-month,Fiber optic,0.6486143,1
2,19.3,28.3,One year,No,0.36176312,0
13,48.75,633.4,Month-to-month,DSL,0.5195964,1
33,74.75,2453.3,One year,DSL,0.37700385,0
46,91.3,4126.35,One year,Fiber optic,0.5004531,1
13,49.15,649.4,Month-to-month,DSL,0.50468564,1
37,106.75,4056.75,Month-to-month,Fiber optic,0.5711875,1
61,19.1,1143.8,One year,No,0.31724906,0
1,20.8,20.8,Month-to-month,No,0.41265038,0
9,75.85,647.5,Month-to-month,Fiber optic,0.6131607,1
3,69.6,207.4,Month-to-month,Fiber optic,0.6365494,1
69,19.9,1363.45,Two year,No,0.3307802,0
62,20.3,1296.15,Two year,No,0.33509627,0
20,19.7,419.4,Two year,No,0.37194237,0
61,104.0,6363.45,One year,Fiber optic,0.45916167,0
4,23.9,97.5,One year,No,0.3761768,0
63,102.6,6296.75,Two year,Fiber optic,0.47689062,0
50,35.0,1782.4,Month-to-month,DSL,0.5103182,1
1,80.5,80.5,Month-to-month,Fiber optic,0.61289936,1
70,74.1,5222.3,One year,DSL,0.3001149,0
72,76.8,5468.45,Two year,DSL,0.4147683,0
35,60.55,1982.6,Month-to-month,DSL,0.47850075,0
12,67.25,832.3,Month-to-month,DSL,0.54482245,1
56,109.8,6109.65,One year,Fiber optic,0.40880257,0
12,73.75,871.4,Month-to-month,Fiber optic,0.6190943,1
36,55.8,1941.5,One year,DSL,0.45186245,0
40,105.75,4228.55,One year,Fiber optic,0.43327788,0
3,19.6,59.75,Month-to-month,No,0.42129803,0
40,103.75,4188.4,One year,Fiber optic,0.47020772,0
67,70.9,4677.1,Two year,DSL,0.3222155,0
67,72.35,4991.5,One year,DSL,0.37720418,0
7,66.85,458.1,Month-to-month,DSL,0.60361475,1
3,90.4,268.45,Month-to-month,Fiber optic,0.5534184,1
42,100.3,4222.95,Month-to-month,Fiber optic,0.6132243,1
40,26.2,1077.5,Month-to-month,No,0.41813514,0
53,94.0,4871.45,One year,Fiber optic,0.4763827,0
3,19.55,61.05,Month-to-month,No,0.42084542,0
9,90.1,816.8,Month-to-month,Fiber optic,0.6312208,1
72,20.1,1326.25,Two year,No,0.323636,0
46,85.0,3969.4,Month-to-month,Fiber optic,0.568676,1
61,24.1,1551.6,Two year,No,0.34213346,0
54,69.95,3871.85,Two year,DSL,0.32881248,0
11,41.6,470.6,One year,DSL,0.50001705,1
29,19.55,521.8,Two year,No,0.35539564,0
67,111.3,7482.1,One year,Fiber optic,0.45578048,0
49,97.95,4917.9,One year,Fiber optic,0.53184766,1
72,100.55,7325.1,Two year,Fiber optic,0.4196938,0
71,87.25,6328.7,Two year,DSL,0.31109113,0
44,74.85,3268.05,One year,DSL,0.4168509,0
41,60.3,2511.3,One year,DSL,0.40073323,0
11,58.95,601.6,Month-to-month,DSL,0.5663228,1
13,19.3,279.3,Month-to-month,No,0.41759127,0
55,88.8,4805.3,Two year,Fiber optic,0.4355429,0
11,48.55,501,Month-to-month,DSL,0.5115573,1
48,45.55,2108.35,Month-to-month,DSL,0.43336552,0
31,81.7,2548.65,One year,Fiber optic,0.49963942,0
63,109.2,7049.75,Two year,Fiber optic,0.38284957,0
61,65.2,3965.05,One year,DSL,0.48298877,0
72,24.25,1784.5,Two year,No,0.30983403,0
53,108.25,5935.1,Month-to-month,Fiber optic,0.48402587,0
7,48.2,340.35,Month-to-month,DSL,0.6044025,1
28,81.05,2227.1,Month-to-month,Fiber optic,0.60356826,1
16,72.65,1194.3,Month-to-month,Fiber optic,0.6239021,1
7,71.05,472.65,Month-to-month,Fiber optic,0.6525124,1
5,64.0,370.25,Month-to-month,DSL,0.58008677,1
71,23.9,1663.5,Two year,No,0.3099821,0
7,34.5,279.25,Month-to-month,DSL,0.5246959,1
11,111.4,1183.05,Month-to-month,Fiber optic,0.5711407,1
52,63.9,3334.95,Two year,DSL,0.34306422,0
49,67.4,3306.85,Two year,DSL,0.36069766,0
19,18.8,279.2,One year,No,0.35990646,0
2,80.95,171.15,Month-to-month,Fiber optic,0.6400968,1
52,95.65,5088.4,Month-to-month,Fiber optic,0.5186867,1
23,84.25,1968.1,Month-to-month,Fiber optic,0.54273343,1
8,69.7,572.85,Month-to-month,Fiber optic,0.6640853,1
65,103.9,6767.1,One year,Fiber optic,0.45391455,0
2,55.3,108.65,Month-to-month,DSL,0.59538066,1
62,23.65,1416.75,Two year,No,0.3363275,0
3,89.85,244.45,Month-to-month,Fiber optic,0.5958351,1
49,93.65,4520.15,One year,Fiber optic,0.50514627,1
15,69.0,994.8,Month-to-month,Fiber optic,0.58627343,1
41,20.25,865,One year,No,0.35094407,0
46,104.45,4863.85,Month-to-month,Fiber optic,0.5735539,1
56,25.95,1444.05,Two year,No,0.3709358,0
48,95.4,4445.3,Month-to-month,Fiber optic,0.57608354,1
2,70.7,129.2,Month-to-month,Fiber optic,0.6103699,1
72,23.75,1679.25,Two year,No,0.33115828,0
45,78.8,3597.5,One year,DSL,0.38315663,0
37,62.8,2278.75,Two year,DSL,0.380049,0
61,89.2,5500.6,Month-to-month,Fiber optic,0.5221439,1
60,20.6,1093,Two year,No,0.33720386,0
2,50.15,115.1,Month-to-month,DSL,0.5293961,1
63,75.55,4707.85,Two year,DSL,0.3300144,0
4,84.6,360.1,Month-to-month,Fiber optic,0.6476025,1
62,102.0,6529.25,One year,Fiber optic,0.44946665,0
62,92.05,5755.8,One year,Fiber optic,0.46550217,0
69,97.65,6743.55,Two year,Fiber optic,0.44524783,0
4,105.65,443.9,One year,Fiber optic,0.4905684,0
49,56.3,2780.6,One year,DSL,0.43465623,0
51,81.15,4126.2,One year,DSL,0.3995332,0
26,44.65,1156.55,Month-to-month,DSL,0.50174934,1
9,43.75,405.7,Month-to-month,DSL,0.6231972,1
57,94.7,5468.95,One year,Fiber optic,0.47243667,0
37,19.5,805.2,Month-to-month,No,0.38586408,0
30,97.0,3021.3,One year,Fiber optic,0.5502321,1
70,107.9,7475.85,One year,Fiber optic,0.45113888,0
22,89.4,2001.5,Month-to-month,Fiber optic,0.5892677,1
39,48.95,1880.85,Month-to-month,DSL,0.50562406,1
33,80.6,2656.5,Month-to-month,Fiber optic,0.5730751,1
60,116.6,7049.5,One year,Fiber optic,0.42841044,0
1,19.45,19.45,Month-to-month,No,0.40443608,0
12,58.35,740.55,Month-to-month,DSL,0.53688407,1
51,19.95,1028.75,Two year,No,0.32005197,0
22,80.15,1790.65,Month-to-month,Fiber optic,0.6062035,1
1,18.8,18.8,One year,No,0.34779984,0
39,100.0,3835.55,One year,Fiber optic,0.4850976,0
4,93.5,362.2,Month-to-month,Fiber optic,0.58909404,1
39,80.45,3201.55,Two year,Fiber optic,0.50537914,1
69,84.9,5785.65,Month-to-month,Fiber optic,0.54868996,1
8,64.4,581.7,Month-to-month,DSL,0.50798345,1
68,25.05,1629.2,Two year,No,0.33035818,0
2,70.75,154.85,Month-to-month,Fiber optic,0.6400799,1
24,39.1,971.3,Month-to-month,DSL,0.48965392,0
42,50.25,2203.65,Month-to-month,DSL,0.58361787,1
59,80.1,4693.2,One year,DSL,0.4720953,0
1,80.0,80,Month-to-month,Fiber optic,0.5882433,1
46,35.05,1620.25,Month-to-month,DSL,0.4560532,0
4,29.65,118.5,Month-to-month,DSL,0.5621385,1
11,20.45,250.8,Month-to-month,No,0.43600786,0
59,66.4,3958.2,One year,DSL,0.3805229,0
53,60.6,3297,One year,DSL,0.36762443,0
3,54.2,140.4,Month-to-month,DSL,0.6290669,1
72,25.25,1841.2,Two year,No,0.34419712,0
9,18.95,185.6,Month-to-month,No,0.42459458,0
24,20.8,469.65,One year,No,0.36162484,0
45,86.1,3861.45,Month-to-month,Fiber optic,0.5809832,1
49,40.65,2070.75,Month-to-month,DSL,0.49338332,0
61,24.4,1417.9,Two year,No,0.3268813,0
2,70.3,144,Month-to-month,Fiber optic,0.6557124,1
5,85.4,425.9,Month-to-month,Fiber optic,0.5877009,1
2,42.6,72.4,Month-to-month,DSL,0.5225665,1
25,81.75,2028.8,Month-to-month,DSL,0.41839814,0
60,106.15,6411.25,Month-to-month,Fiber optic,0.5414198,1
51,110.05,5686.4,One year,Fiber optic,0.42859295,0
2,56.7,113.55,Month-to-month,DSL,0.5164588,1
62,103.75,6383.35,One year,Fiber optic,0.5025897,1
52,81.4,4354.45,One year,DSL,0.34942535,0
68,76.9,5023,One year,DSL,0.36641577,0
22,84.15,1821.95,Month-to-month,Fiber optic,0.6180131,1
1,25.05,25.05,Month-to-month,DSL,0.57309395,1
3,41.15,132.2,Month-to-month,DSL,0.5601768,1
16,96.4,1581.2,Month-to-month,Fiber optic,0.65179324,1
32,74.4,2276.95,Month-to-month,Fiber optic,0.62500155,1
50,24.9,1195.25,Two year,No,0.35850683,0
1,48.75,48.75,Month-to-month,DSL,0.5517664,1
6,83.9,497.55,Month-to-month,Fiber optic,0.5735948,1
1,50.75,50.75,Month-to-month,DSL,0.6068068,1
29,20.2,558.8,Two year,No,0.32807797,0
1,19.3,19.3,Month-to-month,No,0.4273856,0
58,95.3,5817.7,Month-to-month,Fiber optic,0.6049253,1
35,76.05,2747.2,Month-to-month,DSL,0.5484824,1
43,19.55,876.15,Two year,No,0.34733158,0
41,50.05,2029.05,One year,DSL,0.4558397,0
47,19.3,890.5,Two year,No,0.34013933,0
33,100.0,3320.6,Month-to-month,Fiber optic,0.6161021,1
67,20.5,1430.95,Two year,No,0.35367668,0
72,19.4,1496.45,Two year,No,0.33982804,0
50,54.9,2614.1,One year,DSL,0.41276336,0
49,49.8,2398.4,Two year,DSL,0.44652054,0
4,74.35,265.35,Month-to-month,Fiber optic,0.65529275,1
61,94.15,5731.85,Month-to-month,Fiber optic,0.4436708,0
7,20.65,150,One year,No,0.34554443,0
14,90.45,1266.1,Month-to-month,Fiber optic,0.6103444,1
26,73.05,1959.5,Month-to-month,DSL,0.53376573,1
35,70.55,2419,Month-to-month,Fiber optic,0.6261314,1
54,99.1,5437.1,One year,Fiber optic,0.4855283,0
8,95.65,778.1,Month-to-month,Fiber optic,0.59392923,1
1,71.65,71.65,Month-to-month,Fiber optic,0.650885,1
67,100.25,6689,One year,Fiber optic,0.40282902,0
24,19.75,498.1,Two year,No,0.3418472,0
64,24.9,1595.5,One year,No,0.32664064,0
34,79.6,2718.3,Month-to-month,Fiber optic,0.58041894,1
8,19.9,153.95,One year,No,0.3435605,0
6,20.2,123.65,Month-to-month,No,0.40279502,0
13,99.0,1301.7,Month-to-month,Fiber optic,0.6025679,1
62,24.25,1424.6,Two year,No,0.35832825,0
34,100.05,3480,Month-to-month,Fiber optic,0.58878994,1
9,99.3,918.75,Month-to-month,Fiber optic,0.59908223,1
22,20.3,467.15,One year,No,0.35371944,0
40,55.25,2139.2,Month-to-month,DSL,0.5235166,1
35,100.5,3653.35,Month-to-month,Fiber optic,0.56140643,1
7,23.5,173,Month-to-month,No,0.4050392,0
32,19.8,587.7,One year,No,0.36068034,0
61,19.75,1124.2,Two year,No,0.3356007,0
2,20.75,44.2,Month-to-month,No,0.41226795,0
56,103.2,5744.35,Two year,Fiber optic,0.42140964,0
65,106.25,6979.8,One year,Fiber optic,0.4850934,0
28,49.9,1410.25,Month-to-month,DSL,0.53066516,1
18,69.5,1199.4,Month-to-month,DSL,0.50958246,1
71,90.55,6239.05,Two year,DSL,0.3421614,0
72,88.6,6201.95,Two year,DSL,0.400571,0
1,76.45,76.45,Month-to-month,Fiber optic,0.66640484,1
1,19.75,19.75,Month-to-month,No,0.41264203,0
34,20.35,673.2,Month-to-month,No,0.39400798,0
8,87.05,762.1,Month-to-month,Fiber optic,0.65208745,1
47,106.4,5127.95,Month-to-month,Fiber optic,0.5601516,1
72,24.05,1709.15,Two year,No,0.34312558,0
52,25.05,1270.25,Two year,No,0.3510195,0
3,19.85,64.55,Month-to-month,No,0.411879,0
60,37.7,2288.7,Two year,DSL,0.38225996,0
3,96.6,291.9,Month-to-month,Fiber optic,0.6431715,1
19,86.0,1532.45,Month-to-month,Fiber optic,0.60944664,1
1,69.9,69.9,Month-to-month,Fiber optic,0.65613323,1
6,105.3,545.2,Month-to-month,Fiber optic,0.57262343,1
49,59.6,2970.3,Month-to-month,DSL,0.438764,0
22,90.5,1910.6,Month-to-month,Fiber optic,0.62024933,1
42,19.05,761.85,One year,No,0.36277327,0
46,98.85,4564.9,Month-to-month,Fiber optic,0.5985865,1
68,39.9,2796.35,Month-to-month,DSL,0.5078827,1
2,20.5,38.25,One year,No,0.36261934,0
0,20.25, ,Two year,No,0.3578822,0
35,72.25,2568.55,Month-to-month,DSL,0.45742425,0
2,19.5,27.55,Month-to-month,No,0.40429154,0
68,62.65,4375.8,Two year,DSL,0.31557992,0
16,75.4,1189.4,Month-to-month,Fiber optic,0.63867617,1
72,110.9,8240.85,Two year,Fiber optic,0.42320475,0
37,94.3,3460.95,Two year,Fiber optic,0.45787784,0
53,25.55,1336.1,Two year,No,0.33018753,0
40,83.85,3532.25,Month-to-month,Fiber optic,0.5705305,1
46,94.15,4408.45,One year,Fiber optic,0.48110452,0
3,100.95,329.95,Month-to-month,Fiber optic,0.617374,1
1,75.3,75.3,Month-to-month,Fiber optic,0.59796983,1
7,19.25,112.3,Month-to-month,No,0.42385006,0
6,30.5,208.7,Month-to-month,DSL,0.550575,1
46,89.15,4245.55,Month-to-month,Fiber optic,0.5966725,1
54,70.15,3715.65,One year,DSL,0.48150778,0
15,79.4,1156.1,Month-to-month,Fiber optic,0.6495319,1
3,85.3,264.8,Month-to-month,Fiber optic,0.6460221,1
70,20.05,1360.25,Two year,No,0.31878567,0
39,100.55,3895.35,Two year,Fiber optic,0.4826367,0
2,20.0,38,Month-to-month,No,0.4016593,0
18,75.6,1395.05,Month-to-month,Fiber optic,0.6153631,1
72,25.1,1789.9,Two year,No,0.35552728,0
47,55.3,2654.05,Month-to-month,DSL,0.54867613,1
22,19.9,400.3,Month-to-month,No,0.38013208,0
71,89.9,6457.15,Two year,DSL,0.32777813,0
8,74.85,572.45,Month-to-month,Fiber optic,0.6536119,1
71,19.9,1389.35,Two year,No,0.3322511,0
53,94.45,5042.75,One year,Fiber optic,0.41602153,0
37,72.25,2575.45,Month-to-month,Fiber optic,0.6090396,1
64,70.15,4480.7,One year,DSL,0.42468137,0
5,48.65,235.2,Month-to-month,DSL,0.56994534,1
60,104.7,6333.8,Two year,Fiber optic,0.4512743,0
2,50.3,92.75,Month-to-month,DSL,0.58692497,1
25,54.2,1423.15,One year,DSL,0.41163176,0
6,19.7,113.5,Month-to-month,No,0.38474053,0
60,110.6,6586.85,Two year,Fiber optic,0.4444223,0
30,100.2,2983.8,Month-to-month,Fiber optic,0.617263,1
67,49.35,3321.35,One year,DSL,0.40848416,0
53,24.05,1301.9,One year,No,0.3643013,0
10,55.2,528.35,Month-to-month,DSL,0.45803836,0
1,52.2,52.2,Month-to-month,DSL,0.6009497,1
55,54.55,2978.3,Month-to-month,DSL,0.4738167,0
70,84.7,5991.05,Two year,DSL,0.35815817,0
34,50.2,1815.3,Month-to-month,DSL,0.49537724,0
68,110.25,7279.35,Two year,Fiber optic,0.4253177,0
59,109.15,6557.75,One year,Fiber optic,0.41619858,0
9,74.85,708.2,Month-to-month,Fiber optic,0.62278247,1
6,80.5,463.05,Month-to-month,Fiber optic,0.63159794,1
50,103.95,5231.3,One year,Fiber optic,0.48438588,0
72,92.45,6440.25,Two year,DSL,0.3284489,0
41,53.95,2215.4,Month-to-month,DSL,0.52838916,1
4,50.8,202.3,Month-to-month,DSL,0.5780609,1
47,40.3,1794.8,One year,DSL,0.34000486,0
62,94.95,5791.85,One year,Fiber optic,0.50357425,1
18,20.45,357,Month-to-month,No,0.3812319,0
3,75.85,256.6,Month-to-month,Fiber optic,0.640773,1
65,25.1,1725,Two year,No,0.36828107,0
59,85.55,5084.65,One year,Fiber optic,0.50418043,1
60,70.15,4224.7,One year,DSL,0.4077546,0
10,20.55,187.35,Month-to-month,No,0.41859117,0
7,38.55,280,Two year,DSL,0.36617738,0
28,91.0,2626.15,Month-to-month,Fiber optic,0.5464777,1
29,79.3,2414.55,Month-to-month,Fiber optic,0.6147568,1
0,19.7, ,One year,No,0.3718791,0
37,64.65,2347.85,One year,DSL,0.46110263,0
45,24.65,1138.8,Two year,No,0.35407898,0
61,79.8,4914.8,One year,DSL,0.446212,0
64,19.45,1208.6,Two year,No,0.31670487,0
63,91.35,5764.7,One year,Fiber optic,0.51731664,1
37,76.5,2868.15,Month-to-month,Fiber optic,0.6327925,1
72,24.3,1778.7,Two year,No,0.33756843,0
66,89.9,5958.85,Two year,DSL,0.3178062,0
1,95.65,95.65,Month-to-month,Fiber optic,0.6023602,1
9,79.75,769.1,Month-to-month,Fiber optic,0.61335415,1
1,25.35,25.35,Month-to-month,DSL,0.5502019,1
4,99.8,442.85,Month-to-month,Fiber optic,0.5600189,1
38,74.95,2869.85,Month-to-month,Fiber optic,0.595596,1
44,61.9,2924.05,Month-to-month,DSL,0.46111023,0
22,54.7,1178.75,Month-to-month,DSL,0.51157904,1
53,106.95,5785.5,One year,Fiber optic,0.45205143,0
23,90.45,2117.25,Month-to-month,Fiber optic,0.6486029,1
20,18.9,347.65,Month-to-month,No,0.410798,0
51,24.75,1234.6,Two year,No,0.34888962,0
62,20.65,1218.45,Two year,No,0.3214336,0
7,18.95,130.55,Month-to-month,No,0.42527097,0
17,83.55,1329.15,Month-to-month,Fiber optic,0.63138694,1
41,70.2,2894.55,One year,DSL,0.40221113,0
7,94.05,633.45,One year,Fiber optic,0.55426764,1
1,50.05,50.05,Month-to-month,DSL,0.62442756,1
64,58.35,3756.45,One year,DSL,0.37795147,0
3,75.5,220.6,Month-to-month,Fiber optic,0.6574081,1
50,71.05,3444.85,Month-to-month,Fiber optic,0.6303238,1
18,56.8,1074.65,Month-to-month,DSL,0.5160597,1
13,55.95,734.35,Month-to-month,DSL,0.53093,1
69,80.65,5542.55,Two year,DSL,0.37212572,0
1,79.15,79.15,Month-to-month,Fiber optic,0.6068207,1
4,90.65,367.95,Month-to-month,Fiber optic,0.614309,1
1,53.5,53.5,Month-to-month,DSL,0.61831266,1
25,53.65,1355.45,One year,DSL,0.41042703,0
18,55.95,1082.8,Month-to-month,DSL,0.5554049,1
48,23.55,1173.35,Two year,No,0.33575895,0
26,20.65,595.5,One year,No,0.3743128,0
1,69.1,69.1,Month-to-month,Fiber optic,0.6561101,1
4,57.2,223.75,Month-to-month,DSL,0.4758206,0
1,20.3,20.3,Month-to-month,No,0.4126464,0
11,74.35,834.2,Month-to-month,Fiber optic,0.63624007,1
4,61.45,229.55,Month-to-month,DSL,0.5002886,1
8,19.65,164.3,Month-to-month,No,0.42573157,0
6,90.75,512.25,Month-to-month,Fiber optic,0.5968111,1
72,92.0,6632.75,Two year,DSL,0.3584921,0
27,52.85,1498.65,Two year,DSL,0.4164906,0
1,71.0,71,Month-to-month,Fiber optic,0.6664887,1
17,20.15,353.65,One year,No,0.35123175,0
66,68.75,4447.55,Two year,DSL,0.35515392,0
53,19.5,1050.5,Two year,No,0.34000254,0
44,84.8,3626.35,Month-to-month,Fiber optic,0.5313128,1
52,20.85,1071.6,One year,No,0.35176837,0
70,90.05,6333.4,Two year,DSL,0.34180433,0
1,25.75,25.75,Month-to-month,No,0.41996887,0
61,94.1,5638.3,Two year,Fiber optic,0.51704293,1
19,100.95,1875.55,One year,Fiber optic,0.54711425,1
11,20.6,233.9,One year,No,0.33538276,0
26,85.75,2146.5,Month-to-month,Fiber optic,0.6311632,1
60,19.85,1128.1,Two year,No,0.3490816,0
1,84.85,84.85,Month-to-month,Fiber optic,0.63249624,1
26,92.4,2349.8,Month-to-month,Fiber optic,0.58961374,1
24,80.5,2088.45,Month-to-month,Fiber optic,0.6344788,1
22,100.05,2090.25,One year,Fiber optic,0.49305835,0
51,98.85,4947.55,One year,Fiber optic,0.50141275,1
61,85.55,5251.75,One year,Fiber optic,0.47807565,0
44,54.3,2390.45,Two year,DSL,0.3994773,0
0,80.85, ,Two year,DSL,0.35763225,0
5,75.65,399.45,Month-to-month,Fiber optic,0.6154967,1
1,78.8,78.8,Month-to-month,Fiber optic,0.62324387,1
26,61.55,1581.95,One year,DSL,0.46601844,0
15,84.35,1302.65,Month-to-month,Fiber optic,0.55491084,1
4,80.35,307.4,Month-to-month,Fiber optic,0.6532089,1
12,84.6,959.9,Month-to-month,Fiber optic,0.5481369,1
1,49.9,49.9,Month-to-month,DSL,0.57523257,1
22,57.95,1271.8,Month-to-month,DSL,0.49647355,0
49,49.65,2409.9,Two year,DSL,0.43459508,0
13,19.75,265.75,Two year,No,0.35991192,0
66,90.55,6130.95,One year,Fiber optic,0.41771019,0
62,39.0,2337.45,Two year,DSL,0.46061662,0
66,63.3,4189.7,Two year,DSL,0.45393455,0
3,35.2,108.95,Month-to-month,DSL,0.55039555,1
63,68.8,4111.35,One year,DSL,0.36193845,0
15,19.35,278.85,Two year,No,0.34157577,0
43,94.1,4107.3,Month-to-month,Fiber optic,0.5568657,1
65,109.05,7108.2,Two year,Fiber optic,0.48157877,0
2,85.7,169.8,Month-to-month,Fiber optic,0.64069784,1
14,50.1,709.5,Month-to-month,DSL,0.51506156,1
68,109.05,7508.55,Two year,Fiber optic,0.41127232,0
20,19.6,356.15,Month-to-month,No,0.41428465,0
57,65.2,3687.85,Month-to-month,DSL,0.44686344,0
72,19.8,1468.75,Two year,No,0.3487319,0
6,84.4,556.35,Month-to-month,Fiber optic,0.61627644,1
53,73.9,3958.25,Two year,DSL,0.39123204,0
57,70.1,3913.3,One year,DSL,0.44774747,0
1,20.1,20.1,Month-to-month,No,0.42740065,0
15,49.0,749.25,Month-to-month,DSL,0.61698455,1
40,79.2,3233.85,Month-to-month,Fiber optic,0.5617666,1
71,53.95,3888.65,Two year,DSL,0.3749882,0
13,45.3,528.45,Month-to-month,DSL,0.5548621,1
72,91.15,6637.9,Two year,DSL,0.36079204,0
52,95.7,4976.15,One year,Fiber optic,0.45763227,0
63,81.15,5224.5,One year,Fiber optic,0.424713,0
29,19.1,529.5,One year,No,0.3560499,0
29,100.55,2878.75,Month-to-month,Fiber optic,0.55964154,1
3,20.75,67.1,Month-to-month,No,0.42101476,0
19,20.6,414.95,Month-to-month,No,0.3898582,0
61,99.9,6241.35,One year,Fiber optic,0.5051313,1
10,54.25,583,Month-to-month,DSL,0.5171322,1
67,109.7,7344.45,One year,Fiber optic,0.40910265,0
42,19.55,839.4,One year,No,0.37040377,0
1,75.7,75.7,Month-to-month,Fiber optic,0.63545585,1
5,84.0,424.75,Month-to-month,Fiber optic,0.65329814,1
20,19.5,403.15,One year,No,0.35005528,0
1,69.5,69.5,Month-to-month,Fiber optic,0.635237,1
6,78.95,494.95,Month-to-month,Fiber optic,0.6078348,1
34,106.35,3549.25,Month-to-month,Fiber optic,0.57321143,1
21,19.6,390.4,Two year,No,0.35635692,0
46,108.65,4903.2,Two year,Fiber optic,0.45178494,0
34,97.7,3410,Month-to-month,Fiber optic,0.56970704,1
29,45.0,1242.45,Month-to-month,DSL,0.4539859,0
27,80.65,2209.75,One year,Fiber optic,0.4865659,0
72,89.8,6510.45,Two year,DSL,0.31588155,0
42,54.55,2455.05,Month-to-month,DSL,0.4497946,0
27,78.05,2135.5,Month-to-month,Fiber optic,0.61490875,1
66,66.1,4428.45,Two year,DSL,0.36907282,0
2,75.55,166.3,Month-to-month,Fiber optic,0.6577954,1
32,96.2,3183.4,Month-to-month,Fiber optic,0.61780703,1
14,74.95,1036.75,Month-to-month,Fiber optic,0.66081643,1
19,89.95,1682.4,Month-to-month,Fiber optic,0.56117344,1
48,64.4,3035.35,One year,DSL,0.41015688,0
4,73.9,280.85,Month-to-month,Fiber optic,0.6295476,1
57,89.85,4925.35,Month-to-month,Fiber optic,0.59132683,1
58,75.2,4300.8,One year,DSL,0.43733543,0
56,68.45,4014,One year,DSL,0.36715052,0
69,19.75,1375.4,Two year,No,0.33282438,0
10,53.7,521,Two year,DSL,0.31635875,0
3,80.0,241.3,Month-to-month,Fiber optic,0.59140736,1
35,26.2,954.9,One year,No,0.370077,0
11,19.25,180.3,Month-to-month,No,0.40558192,0
56,100.55,5514.95,One year,Fiber optic,0.53416604,1
51,24.95,1222.25,Two year,No,0.35523605,0
36,90.85,3186.7,Month-to-month,Fiber optic,0.64081234,1
5,20.45,106.9,Two year,No,0.3557178,0
1,20.4,20.4,One year,No,0.3478118,0
7,74.4,527.9,Month-to-month,Fiber optic,0.6303342,1
69,53.65,3804.4,One year,DSL,0.42454028,0
22,67.5,1544.05,One year,DSL,0.425878,0
63,24.2,1618.2,Two year,No,0.33891717,0
55,75.75,4264.25,One year,DSL,0.4005008,0
3,57.55,161.45,Month-to-month,DSL,0.5543129,1
67,81.35,5398.6,Two year,DSL,0.33224964,0
3,25.25,58.9,Month-to-month,DSL,0.5612507,1
1,19.75,19.75,Month-to-month,No,0.41264203,0
16,89.05,1448.6,Month-to-month,Fiber optic,0.58621377,1
62,104.05,6590.5,Two year,Fiber optic,0.50059783,1
8,65.5,573.15,Month-to-month,DSL,0.5009656,1
9,20.1,190.25,One year,No,0.35338405,0
6,19.5,146.3,Month-to-month,No,0.39752382,0
28,59.0,1654.45,One year,DSL,0.39384395,0
26,19.4,525.55,One year,No,0.3571758,0
38,101.15,3956.7,Month-to-month,Fiber optic,0.5538401,1
18,50.3,913.3,Month-to-month,DSL,0.6139515,1
3,31.0,95.05,Month-to-month,DSL,0.5329008,1
3,25.0,78.25,Month-to-month,DSL,0.5408437,1
70,72.95,5265.55,Two year,DSL,0.37293142,0
67,69.35,4653.25,One year,DSL,0.35545412,0
71,24.35,1654.6,Two year,No,0.33614987,0
16,69.1,1083.7,Month-to-month,DSL,0.5364539,1
10,65.5,616.9,Month-to-month,DSL,0.53655726,1
1,90.85,90.85,Month-to-month,Fiber optic,0.59197015,1
12,56.3,628.65,Month-to-month,DSL,0.60604286,1
5,53.85,259.8,Month-to-month,DSL,0.49891078,0
40,99.2,4062.2,One year,Fiber optic,0.48954573,0
21,64.95,1339.8,Month-to-month,DSL,0.5213567,1
9,68.25,576.95,Month-to-month,DSL,0.48738208,0
7,50.3,355.1,Month-to-month,DSL,0.5421421,1
38,20.05,678.2,One year,No,0.34325162,0
1,50.5,50.5,Month-to-month,DSL,0.59216356,1
7,74.9,490.55,Month-to-month,Fiber optic,0.6279986,1
2,70.95,137.95,Month-to-month,Fiber optic,0.6561213,1
56,19.55,1080.55,Two year,No,0.36522213,0
6,50.35,314.55,Month-to-month,DSL,0.5618945,1
63,58.55,3503.5,One year,DSL,0.3871528,0
64,110.5,7069.25,Two year,Fiber optic,0.42589748,0
29,45.9,1332.4,Month-to-month,DSL,0.57255846,1
32,85.65,2664.3,Month-to-month,Fiber optic,0.6036237,1
2,84.05,186.05,Month-to-month,Fiber optic,0.64844435,1
60,94.4,5610.25,One year,Fiber optic,0.54393756,1
22,65.05,1427.55,Month-to-month,DSL,0.46564728,0
11,35.65,425.1,Month-to-month,DSL,0.552863,1
57,90.65,5199.8,One year,Fiber optic,0.5151067,1
1,44.15,44.15,Month-to-month,DSL,0.6134708,1
62,19.2,1123.65,Two year,No,0.3404494,0
47,98.75,4533.7,Month-to-month,Fiber optic,0.5420437,1
61,88.1,5526.75,Two year,DSL,0.33401677,0
3,70.15,194.2,Month-to-month,Fiber optic,0.6557977,1
64,81.05,5135.35,Month-to-month,Fiber optic,0.5282264,1
6,94.05,518.75,Month-to-month,Fiber optic,0.55857056,1
56,20.05,1090.1,Two year,No,0.3185816,0
27,49.85,1336.15,Month-to-month,DSL,0.5121123,1
46,45.55,2062.15,Month-to-month,DSL,0.50322896,1
1,45.1,45.1,Month-to-month,DSL,0.60729533,1
11,20.4,231.45,Two year,No,0.36078554,0
32,98.85,3145.9,Month-to-month,Fiber optic,0.5785773,1
4,77.85,299.2,Month-to-month,Fiber optic,0.638829,1
24,55.65,1400.55,Month-to-month,DSL,0.56012857,1
35,108.95,4025.5,Two year,Fiber optic,0.4887392,0
46,105.2,4822.85,One year,Fiber optic,0.4759991,0
1,70.0,70,Month-to-month,Fiber optic,0.6406854,1
72,110.15,7881.2,Two year,Fiber optic,0.4041181,0
63,103.5,6479.4,Month-to-month,Fiber optic,0.551646,1
21,86.5,1808.7,Month-to-month,Fiber optic,0.6107528,1
37,40.2,1525.35,One year,DSL,0.38831916,0
55,100.9,5552.05,One year,Fiber optic,0.49601853,0
14,66.6,979.5,Month-to-month,DSL,0.55404335,1
53,71.85,3827.9,Month-to-month,DSL,0.46278718,0
50,84.15,4164.4,One year,DSL,0.38357976,0
38,102.6,4009.2,Month-to-month,Fiber optic,0.58104277,1
30,99.7,2967.35,Month-to-month,Fiber optic,0.630864,1
28,59.9,1654.7,One year,DSL,0.47774386,0
46,59.9,2816.65,One year,DSL,0.4149851,0
67,20.55,1343.4,One year,No,0.3498223,0
1,45.95,45.95,Month-to-month,DSL,0.5733619,1
50,19.8,1013.2,Two year,No,0.34930912,0
56,98.0,5270.6,One year,Fiber optic,0.522799,1
1,19.95,19.95,Month-to-month,No,0.4126436,0
3,35.1,101.1,Month-to-month,DSL,0.47423983,0
72,109.55,8165.1,Two year,Fiber optic,0.43366027,0
48,60.35,2896.4,One year,DSL,0.38157386,0
9,39.55,373,One year,DSL,0.39513475,0
19,69.6,1394.55,Month-to-month,DSL,0.55952144,1
46,81.0,3846.35,Two year,DSL,0.35254166,0
56,107.25,6033.3,One year,Fiber optic,0.514946,1
35,83.15,2848.45,Month-to-month,Fiber optic,0.62035775,1
25,19.8,475.2,Two year,No,0.33859417,0
21,68.65,1493.2,Month-to-month,Fiber optic,0.64931536,1
71,25.35,1847.55,Two year,No,0.32432416,0
1,79.35,79.35,Month-to-month,Fiber optic,0.616428,1
62,84.5,5193.2,Two year,DSL,0.38501877,0
53,78.75,3942.45,One year,DSL,0.42402256,0
2,74.9,136.05,Month-to-month,Fiber optic,0.6296383,1
72,93.05,6735.05,Two year,Fiber optic,0.40291813,0
24,79.65,1928.7,Month-to-month,Fiber optic,0.5692629,1
41,55.7,2237.55,Month-to-month,DSL,0.54487723,1
2,94.2,193.8,Month-to-month,Fiber optic,0.61054826,1
2,67.75,116.65,Month-to-month,Fiber optic,0.6556771,1
27,95.55,2510.2,Month-to-month,Fiber optic,0.567964,1
53,101.9,5549.4,Month-to-month,Fiber optic,0.6152785,1
34,64.4,2088.75,One year,DSL,0.45616093,0
1,85.0,85,Month-to-month,Fiber optic,0.61843437,1
48,19.55,883.35,Two year,No,0.32079047,0
3,75.05,256.25,Month-to-month,Fiber optic,0.6253409,1
71,64.05,4492.9,Two year,DSL,0.30855346,0
24,85.95,2107.15,Month-to-month,Fiber optic,0.55952877,1
5,70.05,302.6,Month-to-month,Fiber optic,0.6191387,1
8,75.75,606.25,Month-to-month,Fiber optic,0.66085094,1
15,19.8,309.4,Month-to-month,No,0.42259142,0
2,74.7,165.4,Month-to-month,Fiber optic,0.6470311,1
13,25.0,332.5,Two year,No,0.36780706,0
17,85.35,1463.45,Month-to-month,Fiber optic,0.55272055,1
24,58.35,1346.9,One year,DSL,0.46960834,0
50,20.55,1070.25,Two year,No,0.3126704,0
57,74.35,4317.35,Two year,DSL,0.41472986,0
3,25.3,77.75,Month-to-month,DSL,0.5775298,1
37,91.15,3369.25,Month-to-month,Fiber optic,0.6226837,1
71,25.6,1888.25,Two year,No,0.31966615,0
72,66.5,4811.6,Two year,DSL,0.3638094,0
52,25.6,1334.5,Two year,No,0.33931357,0
4,19.85,63,Month-to-month,No,0.44186434,0
9,69.5,653.25,Month-to-month,DSL,0.5255976,1
7,74.85,485.25,Month-to-month,Fiber optic,0.6541818,1
48,70.1,3238.4,Two year,DSL,0.33508754,0
47,58.6,2723.4,Month-to-month,DSL,0.5477502,1
4,72.75,317.75,Month-to-month,Fiber optic,0.61501396,1
47,103.7,4730.6,One year,Fiber optic,0.4611001,0
24,29.1,688,Month-to-month,DSL,0.50102746,1
1,50.45,50.45,Month-to-month,DSL,0.5698541,1
1,44.65,44.65,Month-to-month,DSL,0.5103688,1
1,19.25,19.25,Month-to-month,No,0.40443853,0
48,108.1,5067.45,Two year,Fiber optic,0.46755978,0
27,20.1,562.6,One year,No,0.3729993,0
60,59.85,3483.45,Two year,DSL,0.3816778,0
26,56.05,1553.2,One year,DSL,0.45190883,0
51,19.6,967.9,Two year,No,0.3379342,0
4,79.0,303.15,Month-to-month,Fiber optic,0.6557513,1
26,66.05,1652.4,Month-to-month,DSL,0.57668,1
41,106.5,4282.4,Month-to-month,Fiber optic,0.5403412,1
68,114.9,7843.55,Two year,Fiber optic,0.37110528,0
45,54.65,2553.7,Two year,DSL,0.4014752,0
22,69.5,1498.2,One year,DSL,0.49009815,0
12,79.95,1043.4,Month-to-month,Fiber optic,0.6115869,1
1,43.95,43.95,Month-to-month,DSL,0.56308526,1
7,94.1,701.3,Month-to-month,Fiber optic,0.6482904,1
1,20.2,20.2,Month-to-month,No,0.43653017,0
13,23.9,300.8,Month-to-month,DSL,0.5922405,1
51,20.45,1042.65,Two year,No,0.34491023,0
4,44.8,169.65,Month-to-month,DSL,0.5750901,1
26,84.3,2281.6,Month-to-month,Fiber optic,0.5601117,1
24,88.95,2072.75,Month-to-month,Fiber optic,0.58000964,1
61,94.2,5895.45,Month-to-month,Fiber optic,0.4568257,0
72,114.9,8496.7,Two year,Fiber optic,0.4478967,0
55,84.25,4589.85,One year,Fiber optic,0.45001635,0
12,81.7,858.6,Month-to-month,Fiber optic,0.5453067,1
64,93.4,5822.3,Two year,Fiber optic,0.387545,0
37,96.55,3580.3,Month-to-month,Fiber optic,0.6425044,1
72,88.7,6301.7,Two year,DSL,0.35488784,0
11,19.5,226.8,One year,No,0.363033,0
52,109.1,5647.95,Month-to-month,Fiber optic,0.5421105,1
58,44.1,2413.05,One year,DSL,0.4836575,0
4,55.2,220.65,Month-to-month,DSL,0.53414506,1
38,20.3,749.35,One year,No,0.3274934,0
3,20.85,60.65,Month-to-month,No,0.40362948,0
62,92.3,5731.45,One year,Fiber optic,0.47866806,0
8,54.25,447.75,One year,DSL,0.42963642,0
16,19.75,313.4,Month-to-month,No,0.40818825,0
8,43.55,335.4,Month-to-month,DSL,0.5756894,1
1,19.8,19.8,Month-to-month,No,0.41264242,0
52,50.2,2554,Two year,DSL,0.3780483,0
72,26.0,1776,Two year,No,0.34081724,0
16,69.65,1043.3,Month-to-month,Fiber optic,0.6327639,1
18,89.6,1633,One year,Fiber optic,0.5358381,1
1,20.25,20.25,Month-to-month,No,0.412646,0
72,75.4,5480.25,Two year,DSL,0.40292224,0
49,20.7,1032.05,One year,No,0.33000332,0
1,44.0,44,Month-to-month,DSL,0.5951449,1
51,93.5,4619.55,One year,Fiber optic,0.47410446,0
72,97.25,7133.1,One year,Fiber optic,0.5175564,1
72,77.35,5396.25,Two year,DSL,0.3741834,0
16,19.05,326.65,One year,No,0.35164714,0
16,84.9,1398.25,Month-to-month,DSL,0.49279657,0
1,19.65,19.65,Month-to-month,No,0.4202234,0
10,85.6,813.85,Month-to-month,Fiber optic,0.6503189,1
57,100.75,5985,One year,Fiber optic,0.4671281,0
32,90.8,3023.85,One year,Fiber optic,0.493242,0
72,101.3,7261.25,Two year,Fiber optic,0.45149323,0
58,97.8,5458.8,One year,Fiber optic,0.5216661,1
23,73.75,1756.6,One year,DSL,0.4884012,0
25,89.5,2196.15,Month-to-month,Fiber optic,0.6469232,1
32,19.45,674.55,Month-to-month,No,0.4023219,0
69,104.0,7028.5,Two year,Fiber optic,0.46778193,0
72,109.5,7854.9,Two year,Fiber optic,0.37538972,0
50,35.4,1748.9,One year,DSL,0.4315323,0
28,106.1,2847.4,One year,Fiber optic,0.49420816,0
10,20.1,184.4,One year,No,0.3457111,0
58,94.7,5430.35,One year,Fiber optic,0.4934789,0
7,75.4,533.05,Month-to-month,Fiber optic,0.6541114,1
4,49.35,219.65,Month-to-month,DSL,0.54659754,1
34,60.8,2042.05,One year,DSL,0.39450926,0
70,115.15,8250,Two year,Fiber optic,0.37834576,0
71,72.9,5139.65,One year,DSL,0.38758084,0
21,103.85,2215,Month-to-month,Fiber optic,0.53917754,1
56,60.25,3282.75,One year,DSL,0.3781014,0
71,76.9,5522.7,Two year,DSL,0.37968254,0
14,87.25,1258.6,Month-to-month,Fiber optic,0.57309186,1
41,19.5,798.2,One year,No,0.35655093,0
3,74.4,215.8,Month-to-month,Fiber optic,0.5938143,1
58,20.5,1191.4,Two year,No,0.31027314,0
72,65.7,4575.35,Two year,DSL,0.32181588,0
13,89.4,1132.35,Month-to-month,Fiber optic,0.53181225,1
43,79.15,3566.6,Two year,DSL,0.37567696,0
41,51.35,2075.1,One year,DSL,0.46702814,0
2,70.0,153.05,Month-to-month,Fiber optic,0.5939477,1
1,20.3,20.3,Month-to-month,No,0.40281686,0
4,79.9,324.3,Month-to-month,Fiber optic,0.63942415,1
1,19.9,19.9,Month-to-month,No,0.4273969,0
72,114.1,8086.4,Two year,Fiber optic,0.3930367,0
69,64.15,4254.1,Two year,DSL,0.3516605,0
27,45.85,1246.4,One year,DSL,0.39122212,0
14,59.8,824.85,Month-to-month,DSL,0.5522319,1
19,45.0,865.85,Month-to-month,DSL,0.5963483,1
18,95.95,1745.5,Month-to-month,Fiber optic,0.55466485,1
5,90.35,434.5,Month-to-month,Fiber optic,0.52662885,1
28,100.35,2799,One year,Fiber optic,0.45667067,0
30,74.65,2308.6,One year,DSL,0.37466437,0
71,104.05,7413.55,Two year,Fiber optic,0.46760187,0
1,53.95,53.95,Month-to-month,DSL,0.5773515,1
71,97.2,6910.3,Two year,Fiber optic,0.50692844,1
32,62.45,2045.55,Month-to-month,DSL,0.46132898,0
70,75.5,5212.65,Two year,DSL,0.4281583,0
1,55.25,55.25,Month-to-month,DSL,0.60336953,1
1,71.0,71,Month-to-month,Fiber optic,0.64062333,1
4,48.75,179.85,Month-to-month,DSL,0.56953424,1
43,94.3,3953.15,Month-to-month,Fiber optic,0.60207075,1
72,92.3,6719.9,Two year,DSL,0.3293362,0
72,114.95,8196.4,Two year,Fiber optic,0.40261286,0
4,74.4,306.6,Month-to-month,Fiber optic,0.6321196,1
24,24.6,605.25,One year,No,0.36676282,0
1,95.1,95.1,Month-to-month,Fiber optic,0.6576837,1
1,18.85,18.85,Month-to-month,No,0.42153326,0
14,95.6,1273.3,Month-to-month,Fiber optic,0.65804505,1
36,84.1,3021.6,Month-to-month,Fiber optic,0.62692857,1
40,81.2,3292.3,Month-to-month,Fiber optic,0.59021956,1
67,105.05,7171.7,Two year,Fiber optic,0.49514687,0
69,92.15,6480.9,Two year,Fiber optic,0.48074964,0
1,20.6,20.6,Month-to-month,No,0.41264877,0
10,40.25,411.45,One year,DSL,0.39507377,0
55,57.55,3046.4,Two year,DSL,0.3793896,0
68,113.15,7856,Two year,Fiber optic,0.42244795,0
66,99.5,6822.15,Month-to-month,Fiber optic,0.5512302,1
7,69.9,497.3,Month-to-month,Fiber optic,0.6313596,1
10,20.15,220.8,Two year,No,0.33550224,0
1,29.15,29.15,Month-to-month,DSL,0.52605975,1
55,19.35,1153.25,Two year,No,0.34909374,0
45,107.75,4882.8,Month-to-month,Fiber optic,0.53125817,1
10,67.8,653.15,Month-to-month,DSL,0.52464736,1
69,116.0,8182.85,Two year,Fiber optic,0.42335585,0
1,85.05,85.05,Month-to-month,Fiber optic,0.6488232,1
33,25.7,826.1,Two year,No,0.3432939,0
45,81.65,3618.7,Two year,DSL,0.36709934,0
1,44.75,44.75,Month-to-month,DSL,0.573372,1
31,71.05,2168.15,Month-to-month,DSL,0.5702992,1
50,20.35,938.95,One year,No,0.3550686,0
57,87.55,4884.85,Month-to-month,Fiber optic,0.5328923,1
1,74.25,74.25,Month-to-month,Fiber optic,0.63377386,1
2,75.8,160.75,Month-to-month,Fiber optic,0.62741506,1
3,105.35,323.25,Month-to-month,Fiber optic,0.56940734,1
67,94.65,6079,Month-to-month,Fiber optic,0.59363806,1
42,104.75,4323.45,Month-to-month,Fiber optic,0.55130184,1
70,26.0,2006.95,Two year,No,0.34541,0
71,20.85,1539.75,One year,No,0.34881893,0
9,75.85,724.65,Month-to-month,Fiber optic,0.6531247,1
72,45.25,3139.8,Two year,DSL,0.30553234,0
53,105.25,5576.3,One year,Fiber optic,0.49267605,0
19,105.0,2007.25,Month-to-month,Fiber optic,0.5520966,1
9,94.4,857.25,Month-to-month,Fiber optic,0.6161411,1
72,105.5,7611.55,Two year,Fiber optic,0.41137418,0
20,39.4,825.4,Two year,DSL,0.37203103,0
43,20.0,817.95,One year,No,0.32608175,0
50,79.6,4024.2,Two year,DSL,0.44708392,0
55,89.8,4959.6,Month-to-month,Fiber optic,0.57375836,1
2,94.2,167.5,Month-to-month,Fiber optic,0.6226832,1
9,20.35,191.1,Two year,No,0.33586842,0
10,33.9,298.45,Month-to-month,DSL,0.558469,1
71,77.35,5550.1,Two year,DSL,0.3516266,0
32,84.15,2585.95,Month-to-month,Fiber optic,0.52068,1
3,105.9,334.65,Month-to-month,Fiber optic,0.60080194,1
16,74.3,1178.25,Month-to-month,Fiber optic,0.59297556,1
25,69.75,1729.35,Month-to-month,Fiber optic,0.6191788,1
38,70.45,2597.6,One year,Fiber optic,0.558108,1
40,20.15,804.85,Two year,No,0.3434005,0
61,24.2,1445.2,Two year,No,0.34191447,0
25,20.05,520.1,One year,No,0.3312061,0
48,95.5,4627.85,Two year,Fiber optic,0.45833522,0
3,69.55,222.3,Month-to-month,Fiber optic,0.61947954,1
63,108.25,6780.1,Month-to-month,Fiber optic,0.47236216,0
37,76.25,2841.55,Month-to-month,Fiber optic,0.64514077,1
1,49.8,49.8,Month-to-month,DSL,0.5684996,1
17,80.85,1400.85,Month-to-month,Fiber optic,0.61770827,1
3,69.35,191.35,Month-to-month,DSL,0.5965725,1
21,86.05,1818.9,Month-to-month,Fiber optic,0.62023145,1
67,36.15,2434.45,Two year,DSL,0.3762612,0
34,20.1,682.1,One year,No,0.3711039,0
18,90.7,1597.25,Month-to-month,Fiber optic,0.58025795,1
72,88.7,6501.35,Two year,DSL,0.32757053,0
18,95.15,1779.95,Month-to-month,Fiber optic,0.5537248,1
3,75.0,209.1,Month-to-month,Fiber optic,0.6091328,1
1,49.95,49.95,Month-to-month,DSL,0.58976245,1
10,72.15,794.25,Month-to-month,DSL,0.588523,1
10,20.9,247,Month-to-month,No,0.41860157,0
29,20.0,540.05,One year,No,0.34424904,0
34,94.25,3217.55,Month-to-month,Fiber optic,0.55286276,1
7,101.95,700.85,Month-to-month,Fiber optic,0.6188989,1
69,86.9,6194.1,Two year,DSL,0.35164744,0
36,54.45,1893.5,One year,DSL,0.4279192,0
72,85.95,6151.9,Two year,DSL,0.36246294,0
42,20.65,958.1,One year,No,0.36694244,0
42,99.0,4298.45,One year,Fiber optic,0.46509796,0
67,43.9,3097.2,Two year,DSL,0.4283942,0
21,95.4,2025.1,Month-to-month,Fiber optic,0.620879,1
23,93.5,2341.55,Month-to-month,Fiber optic,0.63633734,1
15,86.2,1270.2,Month-to-month,Fiber optic,0.5975298,1
34,64.2,2106.3,One year,DSL,0.41151637,0
7,99.25,665.45,Month-to-month,Fiber optic,0.61905897,1
9,20.4,184.1,Month-to-month,No,0.4016849,0
34,24.7,780.2,Month-to-month,No,0.39036515,0
1,35.55,35.55,Month-to-month,DSL,0.5782039,1
25,108.9,2809.05,Two year,Fiber optic,0.4537111,0
72,115.5,8312.75,Two year,Fiber optic,0.39065227,0
1,20.55,20.55,Month-to-month,No,0.42574143,0
60,99.8,5985.75,Month-to-month,Fiber optic,0.58878994,1
43,84.25,3539.25,One year,Fiber optic,0.44259307,0
3,21.2,52.05,One year,No,0.36625805,0
72,84.1,5981.65,Two year,DSL,0.38491595,0
2,45.35,89.5,Month-to-month,DSL,0.59462076,1
10,98.9,1064.95,One year,Fiber optic,0.5124613,1
7,98.05,713,Month-to-month,Fiber optic,0.6057256,1
33,51.45,1758.9,One year,DSL,0.47413403,0
31,81.15,2640.55,Month-to-month,Fiber optic,0.6235194,1
38,94.75,3653,Month-to-month,Fiber optic,0.6223006,1
24,84.35,1938.05,Month-to-month,Fiber optic,0.5934102,1
28,59.55,1646.45,Month-to-month,DSL,0.5607641,1
72,38.5,2763,Two year,DSL,0.3219113,0
20,19.25,375.25,Month-to-month,No,0.3919579,0
60,79.0,4801.1,One year,DSL,0.3762913,0
4,89.2,346.2,Month-to-month,Fiber optic,0.6338572,1
46,55.0,2473.95,Month-to-month,DSL,0.48574218,0
72,82.3,5815.15,Two year,DSL,0.3536394,0
41,113.2,4689.5,Month-to-month,Fiber optic,0.56437236,1
65,100.75,6674.65,One year,Fiber optic,0.54473823,1
43,29.3,1224.05,Month-to-month,DSL,0.48508388,0
21,64.85,1336.8,One year,DSL,0.3687363,0
54,20.4,1090.6,Two year,No,0.32415408,0
61,104.4,6405,One year,Fiber optic,0.45221505,0
20,55.0,1165.55,Month-to-month,DSL,0.4633926,0
69,105.2,7386.05,One year,Fiber optic,0.4907321,0
1,45.2,45.2,Month-to-month,DSL,0.6072989,1
33,93.55,3055.5,One year,Fiber optic,0.48662403,0
19,20.85,467.5,Two year,No,0.34484884,0
2,79.0,143.65,Month-to-month,Fiber optic,0.6397364,1
13,63.15,816.8,Month-to-month,DSL,0.46526325,0
1,45.8,45.8,Month-to-month,DSL,0.6134759,1
55,55.7,3131.8,Month-to-month,DSL,0.48282593,0
22,95.1,2162.6,Month-to-month,Fiber optic,0.64205116,1
27,75.5,1893.95,Month-to-month,Fiber optic,0.64435124,1
13,89.05,1169.35,Month-to-month,Fiber optic,0.5573796,1
26,50.35,1285.8,One year,DSL,0.42805305,0
35,20.1,655.3,Two year,No,0.33597782,0
56,104.75,5841.35,Month-to-month,Fiber optic,0.54417956,1
1,95.45,95.45,Month-to-month,Fiber optic,0.65050364,1
1,74.3,74.3,Month-to-month,Fiber optic,0.63204855,1
23,90.6,1943.2,Month-to-month,Fiber optic,0.6316324,1
7,75.45,480.75,Month-to-month,Fiber optic,0.60020053,1
22,104.6,2180.55,Month-to-month,Fiber optic,0.5655701,1
56,59.5,3389.25,Two year,DSL,0.3791675,0
71,82.55,5832.65,Two year,DSL,0.39222166,0
59,19.85,1188.25,Two year,No,0.32822955,0
18,96.05,1740.7,Month-to-month,Fiber optic,0.6007956,1
60,61.35,3766.2,Two year,DSL,0.4094723,0
8,44.45,369.3,Month-to-month,DSL,0.56920433,1
1,19.75,19.75,Month-to-month,No,0.42201015,0
1,70.45,70.45,Month-to-month,Fiber optic,0.62712884,1
28,82.85,2320.8,One year,Fiber optic,0.4749377,0
18,74.15,1387,Month-to-month,Fiber optic,0.59992194,1
24,90.35,2238.5,Month-to-month,Fiber optic,0.6394281,1
68,60.3,4109,Two year,DSL,0.33462787,0
71,104.65,7288.4,One year,Fiber optic,0.42783347,0
64,19.7,1274.05,Two year,No,0.36036313,0
72,110.75,7751.7,Two year,Fiber optic,0.43383017,0
69,110.25,7467.55,Two year,Fiber optic,0.40451735,0
67,53.4,3579.15,Month-to-month,DSL,0.47222793,0
20,80.7,1614.2,Month-to-month,Fiber optic,0.61031955,1
25,18.7,383.65,Two year,No,0.35182735,0
50,89.7,4304.5,Two year,Fiber optic,0.46655974,0
6,48.95,273.25,Month-to-month,DSL,0.5631984,1
2,19.6,35.85,Month-to-month,No,0.44348708,0
18,20.1,407.05,One year,No,0.35085014,0
2,56.55,118.25,Month-to-month,DSL,0.5653674,1
3,40.15,130.75,Month-to-month,DSL,0.5597076,1
9,69.4,571.45,Month-to-month,DSL,0.55293405,1
1,69.9,69.9,Month-to-month,Fiber optic,0.65613323,1
70,113.65,7939.25,Two year,Fiber optic,0.4164849,0
46,96.05,4399.5,Month-to-month,Fiber optic,0.5807288,1
15,48.8,720.1,Month-to-month,DSL,0.5913719,1
53,19.85,1049.6,Two year,No,0.3303397,0
1,55.4,55.4,Month-to-month,DSL,0.5966262,1
29,19.35,601.6,Month-to-month,No,0.39260048,0
1,77.15,77.15,Month-to-month,Fiber optic,0.65814984,1
69,60.05,4176.7,Two year,DSL,0.41079155,0
63,36.1,2298.9,One year,DSL,0.40180895,0
51,25.0,1260.7,One year,No,0.3720688,0
64,73.55,4764,Month-to-month,Fiber optic,0.56650335,1
52,84.05,4326.8,Month-to-month,Fiber optic,0.49283966,0
70,59.5,4144.8,Two year,DSL,0.3440115,0
9,54.8,452.8,Month-to-month,DSL,0.49041194,0
3,83.75,247.25,Month-to-month,Fiber optic,0.61822283,1
70,74.8,5315.8,Two year,DSL,0.35448423,0
21,84.1,1737.45,Month-to-month,Fiber optic,0.63795704,1
5,75.55,349.65,Month-to-month,Fiber optic,0.59468573,1
20,108.2,2203.7,Month-to-month,Fiber optic,0.5116705,1
72,109.75,8075.35,Two year,Fiber optic,0.42444402,0
72,20.3,1401.15,Two year,No,0.34245232,0
2,70.65,142.35,Month-to-month,Fiber optic,0.6659199,1
23,75.3,1702.9,Month-to-month,Fiber optic,0.55558205,1
4,20.95,85.5,Month-to-month,No,0.41614866,0
32,80.35,2596.15,Month-to-month,Fiber optic,0.5825582,1
36,89.65,3348.1,One year,DSL,0.39478368,0
24,49.7,1218.25,Month-to-month,DSL,0.5729716,1
6,49.5,312.7,Month-to-month,DSL,0.57360476,1
23,59.7,1414.2,Two year,DSL,0.417546,0
48,20.65,1057,Two year,No,0.33996224,0
28,54.9,1505.15,Month-to-month,DSL,0.54796714,1
52,49.15,2550.9,Month-to-month,DSL,0.5694915,1
3,74.95,212.4,Month-to-month,Fiber optic,0.6574307,1
2,80.55,184.1,Month-to-month,Fiber optic,0.60334444,1
4,19.95,68.2,One year,No,0.3658724,0
5,69.7,316.9,Month-to-month,Fiber optic,0.6544702,1
1,69.6,69.6,Month-to-month,Fiber optic,0.66632575,1
66,19.75,1344.5,Two year,No,0.3490844,0
52,102.7,5138.1,Month-to-month,Fiber optic,0.5255081,1
1,24.6,24.6,Month-to-month,DSL,0.5622047,1
35,89.2,3251.3,One year,Fiber optic,0.49937695,0
3,55.8,154.55,Month-to-month,DSL,0.5228481,1
66,102.85,6976.75,One year,Fiber optic,0.45793563,0
59,68.7,4070.95,One year,DSL,0.3942495,0
52,25.75,1345.85,Two year,No,0.33454514,0
8,73.5,632.2,Month-to-month,Fiber optic,0.6551114,1
5,53.8,283.95,Month-to-month,DSL,0.5908648,1
4,44.55,174.3,Month-to-month,DSL,0.59112954,1
50,70.5,3486.65,Two year,DSL,0.4454271,0
62,108.15,6825.65,Two year,Fiber optic,0.370067,0
61,19.45,1336.35,One year,No,0.3541431,0
55,85.5,4713.4,Month-to-month,Fiber optic,0.54603434,1
5,20.05,95.55,Month-to-month,No,0.41066083,0
35,54.95,1916,One year,DSL,0.44549847,0
22,89.1,1949.4,Month-to-month,Fiber optic,0.5962198,1
57,53.35,3090.05,Two year,DSL,0.3994417,0
57,95.25,5427.05,Month-to-month,Fiber optic,0.5253038,1
64,19.45,1225.65,Two year,No,0.3167272,0
26,95.85,2475.35,One year,Fiber optic,0.43825227,0
39,99.1,3877.95,One year,Fiber optic,0.4602034,0
19,59.8,1130.85,Month-to-month,DSL,0.5271283,1
31,93.8,3019.5,Month-to-month,Fiber optic,0.55147845,1
6,19.85,119.3,Month-to-month,No,0.3847361,0
52,89.45,4577.75,Two year,Fiber optic,0.48902717,0
53,85.7,4616.1,Month-to-month,DSL,0.43416888,0
56,111.95,6418.9,One year,Fiber optic,0.47795308,0
56,75.85,4261.2,Two year,DSL,0.38059938,0
49,99.8,4872.45,Month-to-month,Fiber optic,0.5744453,1
39,25.0,1004.35,Two year,No,0.34623933,0
61,99.15,6010.05,Month-to-month,Fiber optic,0.5804265,1
43,34.0,1505.35,Month-to-month,DSL,0.45478454,0
5,19.55,99.6,One year,No,0.36863798,0
11,20.3,246.3,Month-to-month,No,0.41373944,0
2,24.85,62,Month-to-month,No,0.40705195,0
13,96.65,1244.5,Month-to-month,Fiber optic,0.61791766,1
72,81.0,5750,Two year,DSL,0.30665928,0
46,69.1,3255.35,One year,DSL,0.41584614,0
71,108.55,7616,Two year,Fiber optic,0.42232272,0
36,87.55,3078.1,Month-to-month,Fiber optic,0.56780064,1
64,108.5,6880.85,One year,Fiber optic,0.4373658,0
1,75.3,75.3,Month-to-month,Fiber optic,0.565603,1
15,84.3,1308.4,Month-to-month,Fiber optic,0.6060141,1
36,20.0,666.75,One year,No,0.3446111,0
6,40.55,217.5,Two year,DSL,0.3782461,0
30,50.0,1474.9,Month-to-month,DSL,0.54493093,1
1,59.85,59.85,Month-to-month,DSL,0.6295994,1
13,80.85,1008.7,Month-to-month,Fiber optic,0.63605165,1
61,20.4,1226.45,One year,No,0.3308099,0
72,107.7,7919.8,Two year,Fiber optic,0.4405961,0
67,74.0,4868.4,Two year,DSL,0.3808646,0
34,79.95,2727.3,One year,DSL,0.40480903,0
72,20.5,1502.25,Two year,No,0.3146665,0
46,65.65,3047.15,Two year,DSL,0.34487668,0
7,75.1,552.95,Month-to-month,Fiber optic,0.6146442,1
7,76.45,503.6,Month-to-month,Fiber optic,0.5786509,1
72,67.8,4804.65,Two year,DSL,0.36372554,0
32,86.1,2723.75,Month-to-month,Fiber optic,0.6106201,1
39,53.85,2200.7,Two year,DSL,0.47898665,0
47,96.1,4391.45,One year,Fiber optic,0.43392712,0
50,95.05,4888.7,Month-to-month,Fiber optic,0.57407445,1
58,19.55,1108.8,One year,No,0.36880982,0
41,81.3,3190.65,Month-to-month,Fiber optic,0.5831658,1
4,83.25,308.05,Month-to-month,Fiber optic,0.6591127,1
32,61.4,1864.65,Month-to-month,DSL,0.456785,0
1,20.75,20.75,Month-to-month,No,0.41218194,0
19,19.65,358.15,Two year,No,0.35724956,0
62,104.85,6312.9,One year,Fiber optic,0.47971267,0
1,74.1,74.1,One year,DSL,0.4157318,0
12,61.65,713.75,Month-to-month,DSL,0.49705404,0
48,45.3,2145,Month-to-month,DSL,0.44088134,0
3,64.5,177.4,Month-to-month,DSL,0.5165284,1
40,78.85,3126.85,Month-to-month,Fiber optic,0.55737376,1
19,25.15,468.35,Month-to-month,DSL,0.5709249,1
1,70.25,70.25,Month-to-month,Fiber optic,0.6565041,1
67,24.9,1680.25,Two year,No,0.3401779,0
16,100.7,1522.7,Month-to-month,Fiber optic,0.49336922,0
1,19.55,19.55,Month-to-month,No,0.422211,0
21,53.15,1183.2,Two year,DSL,0.3761454,0
29,35.65,1025.15,Month-to-month,DSL,0.49804834,0
20,94.3,1818.3,One year,Fiber optic,0.38522416,0
13,94.1,1215.6,Month-to-month,Fiber optic,0.55388504,1
9,29.95,248.95,Month-to-month,DSL,0.56434506,1
51,83.25,4089.45,Two year,DSL,0.35564825,0
60,79.05,4663.4,Month-to-month,DSL,0.4693959,0
20,79.15,1520.9,Month-to-month,Fiber optic,0.63405365,1
9,34.7,296.1,Month-to-month,DSL,0.5784772,1
8,80.65,633.3,Month-to-month,Fiber optic,0.5840279,1
63,79.8,5034.05,Two year,DSL,0.38394412,0
10,65.9,660.05,One year,DSL,0.4137739,0
3,69.95,220.45,One year,DSL,0.49532193,0
44,20.6,926,One year,No,0.3556857,0
8,51.3,411.6,Month-to-month,DSL,0.5345308,1
61,106.0,6547.7,One year,Fiber optic,0.5144734,1
43,99.3,4209.95,Month-to-month,Fiber optic,0.5419559,1
43,56.35,2391.15,One year,DSL,0.5322034,1
5,50.6,249.95,Month-to-month,DSL,0.5976003,1
29,69.05,1958.45,One year,DSL,0.43444422,0
54,99.05,5295.7,Month-to-month,Fiber optic,0.5648939,1
50,98.25,4858.7,One year,Fiber optic,0.5532013,1
68,88.15,6148.45,Two year,DSL,0.4046835,0
1,69.25,69.25,Month-to-month,Fiber optic,0.64825845,1
72,108.3,7679.65,Two year,Fiber optic,0.38881278,0
55,73.1,4144.9,Month-to-month,Fiber optic,0.629271,1
3,70.3,220.4,Month-to-month,Fiber optic,0.6364959,1
1,19.05,19.05,Month-to-month,No,0.41263643,0
7,19.85,144.15,Two year,No,0.33665127,0
9,84.4,732.5,Month-to-month,Fiber optic,0.6205567,1
37,35.8,1316.9,Two year,DSL,0.4777794,0
62,86.1,5215.25,Two year,DSL,0.3510885,0
56,61.3,3346.8,Two year,DSL,0.35707793,0
27,24.5,761.95,Two year,No,0.35570398,0
49,87.2,4345,One year,DSL,0.36561707,0
28,20.3,487.95,Two year,No,0.35302565,0
5,20.65,93.55,Month-to-month,No,0.4183129,0
56,19.7,1051.9,Two year,No,0.35029382,0
72,70.45,5165.7,Two year,DSL,0.359293,0
